"title","version","wpid","species","url"
"Tryptophan metabolism","WikiPathways_20170210","WP465","Homo sapiens","http://www.wikipathways.org/instance/WP465_r85055"
"Steroid Biosynthesis","WikiPathways_20170210","WP496","Homo sapiens","http://www.wikipathways.org/instance/WP496_r69016"
"Arylamine metabolism","WikiPathways_20170210","WP694","Homo sapiens","http://www.wikipathways.org/instance/WP694_r89536"
"Regulation of Actin Cytoskeleton","WikiPathways_20170210","WP51","Homo sapiens","http://www.wikipathways.org/instance/WP51_r79977"
"Interleukin-11 Signaling Pathway","WikiPathways_20170210","WP2332","Homo sapiens","http://www.wikipathways.org/instance/WP2332_r79525"
"Prolactin Signaling Pathway","WikiPathways_20170210","WP2037","Homo sapiens","http://www.wikipathways.org/instance/WP2037_r90015"
"NOTCH1 regulation of human endothelial cell calcification","WikiPathways_20170210","WP3413","Homo sapiens","http://www.wikipathways.org/instance/WP3413_r87953"
"FTO Obesity Variant Mechanism","WikiPathways_20170210","WP3407","Homo sapiens","http://www.wikipathways.org/instance/WP3407_r89858"
"DNA Damage Response","WikiPathways_20170210","WP707","Homo sapiens","http://www.wikipathways.org/instance/WP707_r82937"
"NAD Biosynthesis II (from tryptophan)","WikiPathways_20170210","WP2485","Homo sapiens","http://www.wikipathways.org/instance/WP2485_r70025"
"AGE/RAGE pathway","WikiPathways_20170210","WP2324","Homo sapiens","http://www.wikipathways.org/instance/WP2324_r89798"
"Follicle Stimulating Hormone (FSH) signaling pathway","WikiPathways_20170210","WP2035","Homo sapiens","http://www.wikipathways.org/instance/WP2035_r86080"
"Kennedy pathway","WikiPathways_20170210","WP3933","Homo sapiens","http://www.wikipathways.org/instance/WP3933_r91098"
"Differentiation Pathway","WikiPathways_20170210","WP2848","Homo sapiens","http://www.wikipathways.org/instance/WP2848_r89940"
"Inflammatory Response Pathway","WikiPathways_20170210","WP453","Homo sapiens","http://www.wikipathways.org/instance/WP453_r80206"
"G1 to S cell cycle control","WikiPathways_20170210","WP45","Homo sapiens","http://www.wikipathways.org/instance/WP45_r80001"
"VEGFA-VEGFR2 Signaling Pathway","WikiPathways_20170210","WP3888","Homo sapiens","http://www.wikipathways.org/instance/WP3888_r90000"
"Prostaglandin Synthesis and Regulation","WikiPathways_20170210","WP98","Homo sapiens","http://www.wikipathways.org/instance/WP98_r88906"
"Insulin signalling in human adipocytes (normal condition)","WikiPathways_20170210","WP3634","Homo sapiens","http://www.wikipathways.org/instance/WP3634_r86060"
"IL1 and megakaryocytes in obesity","WikiPathways_20170210","WP2865","Homo sapiens","http://www.wikipathways.org/instance/WP2865_r88662"
"Photodynamic therapy-induced unfolded protein response","WikiPathways_20170210","WP3613","Homo sapiens","http://www.wikipathways.org/instance/WP3613_r89330"
"miR-517 relationship with ARCN1 and USP1","WikiPathways_20170210","WP3596","Homo sapiens","http://www.wikipathways.org/instance/WP3596_r89884"
"p38 MAPK Signaling Pathway","WikiPathways_20170210","WP400","Homo sapiens","http://www.wikipathways.org/instance/WP400_r72084"
"Statin Pathway","WikiPathways_20170210","WP430","Homo sapiens","http://www.wikipathways.org/instance/WP430_r90508"
"IL-7 Signaling Pathway","WikiPathways_20170210","WP205","Homo sapiens","http://www.wikipathways.org/instance/WP205_r89854"
"Apoptosis-related network due to altered Notch3 in ovarian cancer","WikiPathways_20170210","WP2864","Homo sapiens","http://www.wikipathways.org/instance/WP2864_r79278"
"One Carbon Metabolism","WikiPathways_20170210","WP241","Homo sapiens","http://www.wikipathways.org/instance/WP241_r89671"
"Acetylcholine Synthesis","WikiPathways_20170210","WP528","Homo sapiens","http://www.wikipathways.org/instance/WP528_r79855"
"Regulation of toll-like receptor signaling pathway","WikiPathways_20170210","WP1449","Homo sapiens","http://www.wikipathways.org/instance/WP1449_r81172"
"ATR Signaling","WikiPathways_20170210","WP3875","Homo sapiens","http://www.wikipathways.org/instance/WP3875_r90121"
"RalA downstream regulated genes","WikiPathways_20170210","WP2290","Homo sapiens","http://www.wikipathways.org/instance/WP2290_r79988"
"SREBF and miR33 in cholesterol and lipid homeostasis","WikiPathways_20170210","WP2011","Homo sapiens","http://www.wikipathways.org/instance/WP2011_r89947"
"Mitochondrial LC-Fatty Acid Beta-Oxidation","WikiPathways_20170210","WP368","Homo sapiens","http://www.wikipathways.org/instance/WP368_r88910"
"Heart Development","WikiPathways_20170210","WP1591","Homo sapiens","http://www.wikipathways.org/instance/WP1591_r90186"
"Small Ligand GPCRs","WikiPathways_20170210","WP247","Homo sapiens","http://www.wikipathways.org/instance/WP247_r74422"
"PPAR Alpha Pathway","WikiPathways_20170210","WP2878","Homo sapiens","http://www.wikipathways.org/instance/WP2878_r88342"
"Parkin-Ubiquitin Proteasomal System pathway","WikiPathways_20170210","WP2359","Homo sapiens","http://www.wikipathways.org/instance/WP2359_r72121"
"Integrated Breast Cancer Pathway","WikiPathways_20170210","WP1984","Homo sapiens","http://www.wikipathways.org/instance/WP1984_r82941"
"LncRNA-mediated mechanisms of therapeutic resistance","WikiPathways_20170210","WP3672","Homo sapiens","http://www.wikipathways.org/instance/WP3672_r87395"
"White fat cell differentiation","WikiPathways_20170210","WP3946","Homo sapiens","http://www.wikipathways.org/instance/WP3946_r90940"
"Wnt/beta-catenin Signaling Pathway in Leukemia","WikiPathways_20170210","WP3658","Homo sapiens","http://www.wikipathways.org/instance/WP3658_r90078"
"Sterol Regulatory Element-Binding Proteins (SREBP) signalling","WikiPathways_20170210","WP1982","Homo sapiens","http://www.wikipathways.org/instance/WP1982_r90425"
"NAD+ biosynthetic pathways","WikiPathways_20170210","WP3645","Homo sapiens","http://www.wikipathways.org/instance/WP3645_r90261"
"Endochondral Ossification","WikiPathways_20170210","WP474","Homo sapiens","http://www.wikipathways.org/instance/WP474_r87977"
"Nanoparticle-mediated activation of receptor signaling","WikiPathways_20170210","WP2643","Homo sapiens","http://www.wikipathways.org/instance/WP2643_r87898"
"Evolocumab Mechanism","WikiPathways_20170210","WP3408","Homo sapiens","http://www.wikipathways.org/instance/WP3408_r88049"
"Transcription factor regulation in adipogenesis","WikiPathways_20170210","WP3599","Homo sapiens","http://www.wikipathways.org/instance/WP3599_r88581"
"Osteoclast Signaling","WikiPathways_20170210","WP12","Homo sapiens","http://www.wikipathways.org/instance/WP12_r88602"
"miRs in Muscle Cell Differentiation","WikiPathways_20170210","WP2012","Homo sapiens","http://www.wikipathways.org/instance/WP2012_r82900"
"RNA interference","WikiPathways_20170210","WP2805","Homo sapiens","http://www.wikipathways.org/instance/WP2805_r81654"
"Benzene metabolism","WikiPathways_20170210","WP3891","Homo sapiens","http://www.wikipathways.org/instance/WP3891_r89359"
"Amplification and Expansion of Oncogenic Pathways as Metastatic Traits","WikiPathways_20170210","WP3678","Homo sapiens","http://www.wikipathways.org/instance/WP3678_r90110"
"Arachidonate Epoxygenase / Epoxide Hydrolase","WikiPathways_20170210","WP678","Homo sapiens","http://www.wikipathways.org/instance/WP678_r71506"
"BMP Signaling Pathway in Eyelid Development","WikiPathways_20170210","WP3927","Homo sapiens","http://www.wikipathways.org/instance/WP3927_r90735"
"Pentose Phosphate Pathway","WikiPathways_20170210","WP134","Homo sapiens","http://www.wikipathways.org/instance/WP134_r88600"
"Phase I biotransformations, non P450","WikiPathways_20170210","WP136","Homo sapiens","http://www.wikipathways.org/instance/WP136_r80005"
"Cell Cycle","WikiPathways_20170210","WP179","Homo sapiens","http://www.wikipathways.org/instance/WP179_r89516"
"Cholesterol Biosynthesis","WikiPathways_20170210","WP197","Homo sapiens","http://www.wikipathways.org/instance/WP197_r91292"
"mir-124 predicted interactions with cell cycle and differentiation ","WikiPathways_20170210","WP3595","Homo sapiens","http://www.wikipathways.org/instance/WP3595_r89883"
"Glucose Homeostasis","WikiPathways_20170210","WP661","Homo sapiens","http://www.wikipathways.org/instance/WP661_r88591"
"Insulin Signaling","WikiPathways_20170210","WP481","Homo sapiens","http://www.wikipathways.org/instance/WP481_r90197"
"ATM Signaling Network in Development and Disease ","WikiPathways_20170210","WP3878","Homo sapiens","http://www.wikipathways.org/instance/WP3878_r89745"
"Amino acid conjugation of benzoic acid","WikiPathways_20170210","WP521","Homo sapiens","http://www.wikipathways.org/instance/WP521_r88588"
"Endoderm Differentiation","WikiPathways_20170210","WP2853","Homo sapiens","http://www.wikipathways.org/instance/WP2853_r88152"
"TNF alpha Signaling Pathway","WikiPathways_20170210","WP231","Homo sapiens","http://www.wikipathways.org/instance/WP231_r89895"
"Common Pathways Underlying Drug Addiction","WikiPathways_20170210","WP2636","Homo sapiens","http://www.wikipathways.org/instance/WP2636_r89423"
"miRNA targets in ECM and membrane receptors","WikiPathways_20170210","WP2911","Homo sapiens","http://www.wikipathways.org/instance/WP2911_r87847"
"Striated Muscle Contraction","WikiPathways_20170210","WP383","Homo sapiens","http://www.wikipathways.org/instance/WP383_r87840"
"Adipogenesis","WikiPathways_20170210","WP236","Homo sapiens","http://www.wikipathways.org/instance/WP236_r80209"
"Amino Acid metabolism","WikiPathways_20170210","WP3925","Homo sapiens","http://www.wikipathways.org/instance/WP3925_r90737"
"TP53 Network","WikiPathways_20170210","WP1742","Homo sapiens","http://www.wikipathways.org/instance/WP1742_r71700"
"Development of pulmonary dendritic cells and macrophage subsets","WikiPathways_20170210","WP3892","Homo sapiens","http://www.wikipathways.org/instance/WP3892_r89703"
"Tgif disruption of Shh signaling","WikiPathways_20170210","WP3674","Homo sapiens","http://www.wikipathways.org/instance/WP3674_r88772"
"Nanoparticle triggered autophagic cell death","WikiPathways_20170210","WP2509","Homo sapiens","http://www.wikipathways.org/instance/WP2509_r89322"
"Melatonin metabolism and effects","WikiPathways_20170210","WP3298","Homo sapiens","http://www.wikipathways.org/instance/WP3298_r90887"
"One carbon metabolism and related pathways","WikiPathways_20170210","WP3940","Homo sapiens","http://www.wikipathways.org/instance/WP3940_r91096"
"Nicotine Metabolism","WikiPathways_20170210","WP1600","Homo sapiens","http://www.wikipathways.org/instance/WP1600_r90593"
"Signaling Pathways in Glioblastoma","WikiPathways_20170210","WP2261","Homo sapiens","http://www.wikipathways.org/instance/WP2261_r89520"
"Kit receptor signaling pathway","WikiPathways_20170210","WP304","Homo sapiens","http://www.wikipathways.org/instance/WP304_r78799"
"Apoptosis Modulation by HSP70","WikiPathways_20170210","WP384","Homo sapiens","http://www.wikipathways.org/instance/WP384_r67054"
"Type II diabetes mellitus","WikiPathways_20170210","WP1584","Homo sapiens","http://www.wikipathways.org/instance/WP1584_r81779"
"Colchicine Metabolic Pathway","WikiPathways_20170210","WP2536","Homo sapiens","http://www.wikipathways.org/instance/WP2536_r74479"
"IL-1 signaling pathway","WikiPathways_20170210","WP195","Homo sapiens","http://www.wikipathways.org/instance/WP195_r89932"
"Insulin signalling in human adipocytes (diabetic condition)","WikiPathways_20170210","WP3635","Homo sapiens","http://www.wikipathways.org/instance/WP3635_r86059"
"EPO Receptor Signaling","WikiPathways_20170210","WP581","Homo sapiens","http://www.wikipathways.org/instance/WP581_r86897"
"Blood Clotting Cascade","WikiPathways_20170210","WP272","Homo sapiens","http://www.wikipathways.org/instance/WP272_r90044"
"Type III interferon signaling","WikiPathways_20170210","WP2113","Homo sapiens","http://www.wikipathways.org/instance/WP2113_r86876"
"G Protein Signaling Pathways","WikiPathways_20170210","WP35","Homo sapiens","http://www.wikipathways.org/instance/WP35_r88601"
"EBV LMP1 signaling","WikiPathways_20170210","WP262","Homo sapiens","http://www.wikipathways.org/instance/WP262_r86888"
"Hematopoietic Stem Cell Gene Regulation by GABP alpha/beta Complex","WikiPathways_20170210","WP3657","Homo sapiens","http://www.wikipathways.org/instance/WP3657_r89276"
"Triacylglyceride Synthesis","WikiPathways_20170210","WP325","Homo sapiens","http://www.wikipathways.org/instance/WP325_r71223"
"RANKL/RANK (Receptor activator of NFKB (ligand)) Signaling Pathway","WikiPathways_20170210","WP2018","Homo sapiens","http://www.wikipathways.org/instance/WP2018_r90016"
"Chemokine signaling pathway","WikiPathways_20170210","WP3929","Homo sapiens","http://www.wikipathways.org/instance/WP3929_r90949"
"Trans-sulfuration and one carbon metabolism","WikiPathways_20170210","WP2525","Homo sapiens","http://www.wikipathways.org/instance/WP2525_r87802"
"Canonical  and Non-canonical Notch signaling","WikiPathways_20170210","WP3845","Homo sapiens","http://www.wikipathways.org/instance/WP3845_r90027"
"Secretion of Hydrochloric Acid in Parietal Cells","WikiPathways_20170210","WP2597","Homo sapiens","http://www.wikipathways.org/instance/WP2597_r87647"
"Signaling of Hepatocyte Growth Factor Receptor","WikiPathways_20170210","WP313","Homo sapiens","http://www.wikipathways.org/instance/WP313_r79946"
"Serotonin and anxiety-related events","WikiPathways_20170210","WP3944","Homo sapiens","http://www.wikipathways.org/instance/WP3944_r90836"
"miR-222 in Exercise-Induced Cardiac Growth","WikiPathways_20170210","WP3938","Homo sapiens","http://www.wikipathways.org/instance/WP3938_r90779"
"Nucleotide-binding Oligomerization Domain (NOD) pathway","WikiPathways_20170210","WP1433","Homo sapiens","http://www.wikipathways.org/instance/WP1433_r86035"
"Hypothetical Craniofacial Development Pathway","WikiPathways_20170210","WP3655","Homo sapiens","http://www.wikipathways.org/instance/WP3655_r88473"
"Apoptosis","WikiPathways_20170210","WP254","Homo sapiens","http://www.wikipathways.org/instance/WP254_r88977"
"Factors and pathways affecting insulin-like growth factor (IGF1)-Akt signaling","WikiPathways_20170210","WP3850","Homo sapiens","http://www.wikipathways.org/instance/WP3850_r88165"
"miRNA Biogenesis","WikiPathways_20170210","WP2338","Homo sapiens","http://www.wikipathways.org/instance/WP2338_r78504"
"DNA Replication","WikiPathways_20170210","WP466","Homo sapiens","http://www.wikipathways.org/instance/WP466_r89897"
"Vitamin D Metabolism","WikiPathways_20170210","WP1531","Homo sapiens","http://www.wikipathways.org/instance/WP1531_r82221"
"Angiopoietin Like Protein 8 Regulatory Pathway","WikiPathways_20170210","WP3915","Homo sapiens","http://www.wikipathways.org/instance/WP3915_r90629"
"Hedgehog Signaling Pathway","WikiPathways_20170210","WP47","Homo sapiens","http://www.wikipathways.org/instance/WP47_r78542"
"Cytokines and Inflammatory Response","WikiPathways_20170210","WP530","Homo sapiens","http://www.wikipathways.org/instance/WP530_r79331"
"Mesodermal Commitment Pathway","WikiPathways_20170210","WP2857","Homo sapiens","http://www.wikipathways.org/instance/WP2857_r87780"
"Benzo(a)pyrene metabolism","WikiPathways_20170210","WP696","Homo sapiens","http://www.wikipathways.org/instance/WP696_r89537"
"Angiogenesis","WikiPathways_20170210","WP1539","Homo sapiens","http://www.wikipathways.org/instance/WP1539_r88983"
"Iron metabolism in placenta","WikiPathways_20170210","WP2007","Homo sapiens","http://www.wikipathways.org/instance/WP2007_r69751"
"Aryl Hydrocarbon Receptor","WikiPathways_20170210","WP2586","Homo sapiens","http://www.wikipathways.org/instance/WP2586_r89793"
"Proteasome Degradation","WikiPathways_20170210","WP183","Homo sapiens","http://www.wikipathways.org/instance/WP183_r81161"
"Thymic Stromal LymphoPoietin (TSLP) Signaling Pathway","WikiPathways_20170210","WP2203","Homo sapiens","http://www.wikipathways.org/instance/WP2203_r86071"
"Robo4 and VEGF Signaling Pathways Crosstalk","WikiPathways_20170210","WP3943","Homo sapiens","http://www.wikipathways.org/instance/WP3943_r90823"
"Nanomaterial induced apoptosis","WikiPathways_20170210","WP2507","Homo sapiens","http://www.wikipathways.org/instance/WP2507_r89231"
"Hypothesized Pathways in Pathogenesis of Cardiovascular Disease","WikiPathways_20170210","WP3668","Homo sapiens","http://www.wikipathways.org/instance/WP3668_r90185"
"Corticotropin-releasing hormone signaling pathway","WikiPathways_20170210","WP2355","Homo sapiens","http://www.wikipathways.org/instance/WP2355_r90017"
"G13 Signaling Pathway","WikiPathways_20170210","WP524","Homo sapiens","http://www.wikipathways.org/instance/WP524_r72112"
"Circadian rythm related genes","WikiPathways_20170210","WP3594","Homo sapiens","http://www.wikipathways.org/instance/WP3594_r87161"
"Amyotrophic lateral sclerosis (ALS)","WikiPathways_20170210","WP2447","Homo sapiens","http://www.wikipathways.org/instance/WP2447_r85186"
"Butyrate-induced histone acetylation","WikiPathways_20170210","WP2366","Homo sapiens","http://www.wikipathways.org/instance/WP2366_r89148"
"Sphingolipid Metabolism","WikiPathways_20170210","WP1422","Homo sapiens","http://www.wikipathways.org/instance/WP1422_r79871"
"BMP2-WNT4-FOXO1 Pathway in Human Primary Endometrial Stromal Cell Differentiation","WikiPathways_20170210","WP3876","Homo sapiens","http://www.wikipathways.org/instance/WP3876_r90122"
"TGF-beta Signaling Pathway","WikiPathways_20170210","WP366","Homo sapiens","http://www.wikipathways.org/instance/WP366_r90028"
"Dopamine metabolism","WikiPathways_20170210","WP2436","Homo sapiens","http://www.wikipathways.org/instance/WP2436_r90505"
"T-Cell Receptor and Co-stimulatory Signaling","WikiPathways_20170210","WP2583","Homo sapiens","http://www.wikipathways.org/instance/WP2583_r86147"
"Canonical and Non-Canonical TGF-B signaling","WikiPathways_20170210","WP3874","Homo sapiens","http://www.wikipathways.org/instance/WP3874_r89272"
"Nanoparticle triggered regulated necrosis","WikiPathways_20170210","WP2513","Homo sapiens","http://www.wikipathways.org/instance/WP2513_r86006"
"Androgen receptor signaling pathway","WikiPathways_20170210","WP138","Homo sapiens","http://www.wikipathways.org/instance/WP138_r79958"
"AMP-activated Protein Kinase (AMPK) Signaling","WikiPathways_20170210","WP1403","Homo sapiens","http://www.wikipathways.org/instance/WP1403_r90259"
"One carbon donor","WikiPathways_20170210","WP2190","Homo sapiens","http://www.wikipathways.org/instance/WP2190_r88006"
"Fluoropyrimidine Activity","WikiPathways_20170210","WP1601","Homo sapiens","http://www.wikipathways.org/instance/WP1601_r84700"
"Spinal Cord Injury","WikiPathways_20170210","WP2431","Homo sapiens","http://www.wikipathways.org/instance/WP2431_r87678"
"Primary Focal Segmental Glomerulosclerosis FSGS","WikiPathways_20170210","WP2572","Homo sapiens","http://www.wikipathways.org/instance/WP2572_r90019"
"NRF2 pathway","WikiPathways_20170210","WP2884","Homo sapiens","http://www.wikipathways.org/instance/WP2884_r87956"
"PI3K-AKT-mTOR signaling pathway and therapeutic opportunities","WikiPathways_20170210","WP3844","Homo sapiens","http://www.wikipathways.org/instance/WP3844_r89952"
"Signal Transduction of S1P Receptor","WikiPathways_20170210","WP26","Homo sapiens","http://www.wikipathways.org/instance/WP26_r79950"
"Nucleotide Metabolism","WikiPathways_20170210","WP404","Homo sapiens","http://www.wikipathways.org/instance/WP404_r68960"
"TCA Cycle","WikiPathways_20170210","WP78","Homo sapiens","http://www.wikipathways.org/instance/WP78_r90661"
"MECP2 and Associated Rett Syndrome","WikiPathways_20170210","WP3584","Homo sapiens","http://www.wikipathways.org/instance/WP3584_r91190"
"Focal Adhesion-PI3K-Akt-mTOR-signaling pathway","WikiPathways_20170210","WP3932","Homo sapiens","http://www.wikipathways.org/instance/WP3932_r91101"
"Sudden Infant Death Syndrome (SIDS) Susceptibility Pathways","WikiPathways_20170210","WP706","Homo sapiens","http://www.wikipathways.org/instance/WP706_r86078"
"Quercetin and Nf-kB/ AP-1 Induced Cell Apoptosis","WikiPathways_20170210","WP2435","Homo sapiens","http://www.wikipathways.org/instance/WP2435_r88907"
"Regulation of Wnt/B-catenin Signaling by Small Molecule Compounds","WikiPathways_20170210","WP3664","Homo sapiens","http://www.wikipathways.org/instance/WP3664_r90182"
"Extracellular vesicle-mediated signaling in recipient cells","WikiPathways_20170210","WP2870","Homo sapiens","http://www.wikipathways.org/instance/WP2870_r88052"
"B Cell Receptor Signaling Pathway","WikiPathways_20170210","WP23","Homo sapiens","http://www.wikipathways.org/instance/WP23_r89900"
"Heme Biosynthesis","WikiPathways_20170210","WP561","Homo sapiens","http://www.wikipathways.org/instance/WP561_r89918"
"IL-2 Signaling Pathway","WikiPathways_20170210","WP49","Homo sapiens","http://www.wikipathways.org/instance/WP49_r91243"
"Eukaryotic Transcription Initiation","WikiPathways_20170210","WP405","Homo sapiens","http://www.wikipathways.org/instance/WP405_r88988"
"Regulation of Microtubule Cytoskeleton","WikiPathways_20170210","WP2038","Homo sapiens","http://www.wikipathways.org/instance/WP2038_r90889"
"Nuclear Receptors","WikiPathways_20170210","WP170","Homo sapiens","http://www.wikipathways.org/instance/WP170_r71083"
"MAPK Signaling Pathway","WikiPathways_20170210","WP382","Homo sapiens","http://www.wikipathways.org/instance/WP382_r79951"
"ApoE and miR-146 in inflammation and atherosclerosis","WikiPathways_20170210","WP3926","Homo sapiens","http://www.wikipathways.org/instance/WP3926_r90739"
"Nicotine Activity on Chromaffin Cells","WikiPathways_20170210","WP1603","Homo sapiens","http://www.wikipathways.org/instance/WP1603_r78574"
"Glutathione metabolism","WikiPathways_20170210","WP100","Homo sapiens","http://www.wikipathways.org/instance/WP100_r85643"
"Myometrial Relaxation and Contraction Pathways","WikiPathways_20170210","WP289","Homo sapiens","http://www.wikipathways.org/instance/WP289_r89548"
"GPCRs, Other","WikiPathways_20170210","WP117","Homo sapiens","http://www.wikipathways.org/instance/WP117_r82985"
"Complement and Coagulation Cascades","WikiPathways_20170210","WP558","Homo sapiens","http://www.wikipathways.org/instance/WP558_r90196"
"EDA Signalling in Hair Follicle Development","WikiPathways_20170210","WP3930","Homo sapiens","http://www.wikipathways.org/instance/WP3930_r90751"
"NLR Proteins","WikiPathways_20170210","WP288","Homo sapiens","http://www.wikipathways.org/instance/WP288_r80026"
"Effects of Nitric Oxide","WikiPathways_20170210","WP1995","Homo sapiens","http://www.wikipathways.org/instance/WP1995_r88595"
"Physiological and Pathological Hypertrophy  of the Heart","WikiPathways_20170210","WP1528","Homo sapiens","http://www.wikipathways.org/instance/WP1528_r88320"
"Metastatic brain tumor","WikiPathways_20170210","WP2249","Homo sapiens","http://www.wikipathways.org/instance/WP2249_r89836"
"Lung fibrosis","WikiPathways_20170210","WP3624","Homo sapiens","http://www.wikipathways.org/instance/WP3624_r90900"
"Homologous recombination","WikiPathways_20170210","WP186","Homo sapiens","http://www.wikipathways.org/instance/WP186_r68935"
"PPAR signaling pathway","WikiPathways_20170210","WP3942","Homo sapiens","http://www.wikipathways.org/instance/WP3942_r91095"
"TFs Regulate miRNAs related to cardiac hypertrophy","WikiPathways_20170210","WP1559","Homo sapiens","http://www.wikipathways.org/instance/WP1559_r84698"
"Fatty Acid Omega Oxidation","WikiPathways_20170210","WP206","Homo sapiens","http://www.wikipathways.org/instance/WP206_r90917"
"Lidocaine metabolism","WikiPathways_20170210","WP2646","Homo sapiens","http://www.wikipathways.org/instance/WP2646_r74430"
"Association Between Physico-Chemical Features and Toxicity Associated Pathways","WikiPathways_20170210","WP3680","Homo sapiens","http://www.wikipathways.org/instance/WP3680_r90113"
"NAD metabolism, sirtuins and aging","WikiPathways_20170210","WP3630","Homo sapiens","http://www.wikipathways.org/instance/WP3630_r88178"
"Tamoxifen metabolism","WikiPathways_20170210","WP691","Homo sapiens","http://www.wikipathways.org/instance/WP691_r85084"
"NAD+ metabolism","WikiPathways_20170210","WP3644","Homo sapiens","http://www.wikipathways.org/instance/WP3644_r89859"
"BDNF-TrkB Signaling","WikiPathways_20170210","WP3676","Homo sapiens","http://www.wikipathways.org/instance/WP3676_r89741"
"Constitutive Androstane Receptor Pathway","WikiPathways_20170210","WP2875","Homo sapiens","http://www.wikipathways.org/instance/WP2875_r89203"
"Allograft Rejection","WikiPathways_20170210","WP2328","Homo sapiens","http://www.wikipathways.org/instance/WP2328_r90020"
"Cytoplasmic Ribosomal Proteins","WikiPathways_20170210","WP477","Homo sapiens","http://www.wikipathways.org/instance/WP477_r67139"
"Gene regulatory network modelling somitogenesis ","WikiPathways_20170210","WP2854","Homo sapiens","http://www.wikipathways.org/instance/WP2854_r87527"
"Notch Signaling Pathway","WikiPathways_20170210","WP61","Homo sapiens","http://www.wikipathways.org/instance/WP61_r78592"
"4-hydroxytamoxifen, Dexamethasone, and Retinoic Acids Regulation of p27 Expression","WikiPathways_20170210","WP3879","Homo sapiens","http://www.wikipathways.org/instance/WP3879_r90124"
"Valproic acid pathway","WikiPathways_20170210","WP3871","Homo sapiens","http://www.wikipathways.org/instance/WP3871_r88572"
"Hypoxia-mediated EMT and Stemness","WikiPathways_20170210","WP2943","Homo sapiens","http://www.wikipathways.org/instance/WP2943_r88661"
"Irinotecan Pathway","WikiPathways_20170210","WP229","Homo sapiens","http://www.wikipathways.org/instance/WP229_r68389"
"Cell-type Dependent Selectivity of CCK2R Signaling","WikiPathways_20170210","WP3679","Homo sapiens","http://www.wikipathways.org/instance/WP3679_r90184"
" Hfe effect on hepcidin production","WikiPathways_20170210","WP3924","Homo sapiens","http://www.wikipathways.org/instance/WP3924_r90736"
"Imatinib and Chronic Myeloid Leukemia","WikiPathways_20170210","WP3640","Homo sapiens","http://www.wikipathways.org/instance/WP3640_r89384"
"Trans-sulfuration pathway","WikiPathways_20170210","WP2333","Homo sapiens","http://www.wikipathways.org/instance/WP2333_r72015"
"ACE Inhibitor Pathway","WikiPathways_20170210","WP554","Homo sapiens","http://www.wikipathways.org/instance/WP554_r84372"
"Sulindac Metabolic Pathway","WikiPathways_20170210","WP2542","Homo sapiens","http://www.wikipathways.org/instance/WP2542_r88583"
"Serotonin Receptor 4/6/7 and NR3C Signaling","WikiPathways_20170210","WP734","Homo sapiens","http://www.wikipathways.org/instance/WP734_r74438"
"IL-6 signaling pathway","WikiPathways_20170210","WP364","Homo sapiens","http://www.wikipathways.org/instance/WP364_r89832"
"Influenza A virus infection","WikiPathways_20170210","WP1438","Homo sapiens","http://www.wikipathways.org/instance/WP1438_r80038"
"Type II interferon signaling (IFNG)","WikiPathways_20170210","WP619","Homo sapiens","http://www.wikipathways.org/instance/WP619_r71168"
"Cell Differentiation - Index","WikiPathways_20170210","WP2029","Homo sapiens","http://www.wikipathways.org/instance/WP2029_r82903"
"MFAP5-mediated ovarian cancer cell motility and invasiveness","WikiPathways_20170210","WP3301","Homo sapiens","http://www.wikipathways.org/instance/WP3301_r87836"
"GPCRs, Class B Secretin-like","WikiPathways_20170210","WP334","Homo sapiens","http://www.wikipathways.org/instance/WP334_r79716"
"Interactome of polycomb repressive complex 2 (PRC2) ","WikiPathways_20170210","WP2916","Homo sapiens","http://www.wikipathways.org/instance/WP2916_r88672"
"Wnt Signaling Pathway","WikiPathways_20170210","WP428","Homo sapiens","http://www.wikipathways.org/instance/WP428_r90292"
"Ovarian Infertility Genes","WikiPathways_20170210","WP34","Homo sapiens","http://www.wikipathways.org/instance/WP34_r88253"
"Fatty Acid Beta Oxidation","WikiPathways_20170210","WP143","Homo sapiens","http://www.wikipathways.org/instance/WP143_r79783"
"EGF/EGFR Signaling Pathway","WikiPathways_20170210","WP437","Homo sapiens","http://www.wikipathways.org/instance/WP437_r79266"
"Brain-Derived Neurotrophic Factor (BDNF) signaling pathway","WikiPathways_20170210","WP2380","Homo sapiens","http://www.wikipathways.org/instance/WP2380_r89803"
"Endothelin Pathways","WikiPathways_20170210","WP2197","Homo sapiens","http://www.wikipathways.org/instance/WP2197_r74852"
"MicroRNAs in cardiomyocyte hypertrophy","WikiPathways_20170210","WP1544","Homo sapiens","http://www.wikipathways.org/instance/WP1544_r89794"
"Retinoblastoma (RB) in Cancer","WikiPathways_20170210","WP2446","Homo sapiens","http://www.wikipathways.org/instance/WP2446_r87639"
"ATM Signaling Pathway","WikiPathways_20170210","WP2516","Homo sapiens","http://www.wikipathways.org/instance/WP2516_r90247"
"Calcium Regulation in the Cardiac Cell","WikiPathways_20170210","WP536","Homo sapiens","http://www.wikipathways.org/instance/WP536_r90194"
"miRNA Regulation of DNA Damage Response","WikiPathways_20170210","WP1530","Homo sapiens","http://www.wikipathways.org/instance/WP1530_r84694"
"Rac1/Pak1/p38/MMP-2 pathway","WikiPathways_20170210","WP3303","Homo sapiens","http://www.wikipathways.org/instance/WP3303_r87628"
"Dual hijack model of Vif in HIV infection","WikiPathways_20170210","WP3300","Homo sapiens","http://www.wikipathways.org/instance/WP3300_r87896"
"Thyroxine (Thyroid Hormone) Production","WikiPathways_20170210","WP1981","Homo sapiens","http://www.wikipathways.org/instance/WP1981_r85189"
"Matrix Metalloproteinases","WikiPathways_20170210","WP129","Homo sapiens","http://www.wikipathways.org/instance/WP129_r72054"
"Oxidative Stress","WikiPathways_20170210","WP408","Homo sapiens","http://www.wikipathways.org/instance/WP408_r78546"
"Glycerophospholipid Biosynthetic Pathway","WikiPathways_20170210","WP2533","Homo sapiens","http://www.wikipathways.org/instance/WP2533_r85647"
"Translation Factors","WikiPathways_20170210","WP107","Homo sapiens","http://www.wikipathways.org/instance/WP107_r89328"
"Zinc homeostasis","WikiPathways_20170210","WP3529","Homo sapiens","http://www.wikipathways.org/instance/WP3529_r86971"
"Gut-Liver Indole Metabolism ","WikiPathways_20170210","WP3627","Homo sapiens","http://www.wikipathways.org/instance/WP3627_r90137"
"Leptin signaling pathway","WikiPathways_20170210","WP2034","Homo sapiens","http://www.wikipathways.org/instance/WP2034_r89856"
"Histone Modifications","WikiPathways_20170210","WP2369","Homo sapiens","http://www.wikipathways.org/instance/WP2369_r87373"
"Senescence and Autophagy in Cancer","WikiPathways_20170210","WP615","Homo sapiens","http://www.wikipathways.org/instance/WP615_r81193"
"Focal Adhesion","WikiPathways_20170210","WP306","Homo sapiens","http://www.wikipathways.org/instance/WP306_r80308"
"Serotonin and anxiety","WikiPathways_20170210","WP3947","Homo sapiens","http://www.wikipathways.org/instance/WP3947_r90856"
"IL-9 Signaling Pathway","WikiPathways_20170210","WP22","Homo sapiens","http://www.wikipathways.org/instance/WP22_r79264"
"Oxidative phosphorylation","WikiPathways_20170210","WP623","Homo sapiens","http://www.wikipathways.org/instance/WP623_r86899"
"Development and heterogeneity of the ILC family","WikiPathways_20170210","WP3893","Homo sapiens","http://www.wikipathways.org/instance/WP3893_r89702"
"Neural Crest Differentiation","WikiPathways_20170210","WP2064","Homo sapiens","http://www.wikipathways.org/instance/WP2064_r79263"
"Glucocorticoid & Mineralcorticoid Metabolism","WikiPathways_20170210","WP237","Homo sapiens","http://www.wikipathways.org/instance/WP237_r78497"
"Toll-like Receptor Signaling","WikiPathways_20170210","WP3858","Homo sapiens","http://www.wikipathways.org/instance/WP3858_r89945"
"Human Thyroid Stimulating Hormone (TSH) signaling pathway","WikiPathways_20170210","WP2032","Homo sapiens","http://www.wikipathways.org/instance/WP2032_r89823"
"Oxidation by Cytochrome P450","WikiPathways_20170210","WP43","Homo sapiens","http://www.wikipathways.org/instance/WP43_r84102"
"IL-5 Signaling Pathway","WikiPathways_20170210","WP127","Homo sapiens","http://www.wikipathways.org/instance/WP127_r78498"
"Dopaminergic Neurogenesis","WikiPathways_20170210","WP2855","Homo sapiens","http://www.wikipathways.org/instance/WP2855_r87239"
"IL17 signaling pathway","WikiPathways_20170210","WP2112","Homo sapiens","http://www.wikipathways.org/instance/WP2112_r89838"
"Globo Sphingolipid Metabolism","WikiPathways_20170210","WP1424","Homo sapiens","http://www.wikipathways.org/instance/WP1424_r87539"
"Osteoblast Signaling","WikiPathways_20170210","WP322","Homo sapiens","http://www.wikipathways.org/instance/WP322_r90527"
"Methylation Pathways","WikiPathways_20170210","WP704","Homo sapiens","http://www.wikipathways.org/instance/WP704_r88909"
"Estrogen metabolism","WikiPathways_20170210","WP697","Homo sapiens","http://www.wikipathways.org/instance/WP697_r86903"
"Folate Metabolism","WikiPathways_20170210","WP176","Homo sapiens","http://www.wikipathways.org/instance/WP176_r85063"
"Gastric Cancer Network 1","WikiPathways_20170210","WP2361","Homo sapiens","http://www.wikipathways.org/instance/WP2361_r86831"
"Transcriptional activation by NRF2","WikiPathways_20170210","WP3","Homo sapiens","http://www.wikipathways.org/instance/WP3_r79527"
"TCA Cycle Nutrient Utilization and Invasiveness of Ovarian Cancer","WikiPathways_20170210","WP2868","Homo sapiens","http://www.wikipathways.org/instance/WP2868_r90260"
"RIG-I-like Receptor Signaling","WikiPathways_20170210","WP3865","Homo sapiens","http://www.wikipathways.org/instance/WP3865_r88186"
"Interleukin-1 Induced Activation of NF-kappa-B","WikiPathways_20170210","WP3656","Homo sapiens","http://www.wikipathways.org/instance/WP3656_r89274"
"Synthesis and Degradation of Ketone Bodies","WikiPathways_20170210","WP311","Homo sapiens","http://www.wikipathways.org/instance/WP311_r68921"
"Selenium Metabolism and Selenoproteins","WikiPathways_20170210","WP28","Homo sapiens","http://www.wikipathways.org/instance/WP28_r71888"
"Oxidative Damage","WikiPathways_20170210","WP3941","Homo sapiens","http://www.wikipathways.org/instance/WP3941_r90810"
"ERK Pathway in Huntington's Disease","WikiPathways_20170210","WP3853","Homo sapiens","http://www.wikipathways.org/instance/WP3853_r89748"
"Wnt Signaling Pathway Netpath","WikiPathways_20170210","WP363","Homo sapiens","http://www.wikipathways.org/instance/WP363_r78571"
"Photodynamic therapy-induced NF-kB survival signaling","WikiPathways_20170210","WP3617","Homo sapiens","http://www.wikipathways.org/instance/WP3617_r88316"
"IL-3 Signaling Pathway","WikiPathways_20170210","WP286","Homo sapiens","http://www.wikipathways.org/instance/WP286_r78583"
"Eicosanoid Synthesis","WikiPathways_20170210","WP167","Homo sapiens","http://www.wikipathways.org/instance/WP167_r89514"
"Preimplantation Embryo","WikiPathways_20170210","WP3527","Homo sapiens","http://www.wikipathways.org/instance/WP3527_r88345"
"MAPK Cascade","WikiPathways_20170210","WP422","Homo sapiens","http://www.wikipathways.org/instance/WP422_r72129"
"TNF related weak inducer of apoptosis (TWEAK) Signaling Pathway","WikiPathways_20170210","WP2036","Homo sapiens","http://www.wikipathways.org/instance/WP2036_r89910"
"Cytosine methylation","WikiPathways_20170210","WP3585","Homo sapiens","http://www.wikipathways.org/instance/WP3585_r88828"
"Serotonin Receptor 2 and STAT3 Signaling","WikiPathways_20170210","WP733","Homo sapiens","http://www.wikipathways.org/instance/WP733_r74441"
"Non-homologous end joining","WikiPathways_20170210","WP438","Homo sapiens","http://www.wikipathways.org/instance/WP438_r80022"
"Glycolysis and Gluconeogenesis","WikiPathways_20170210","WP534","Homo sapiens","http://www.wikipathways.org/instance/WP534_r90450"
"Serotonin Transporter Activity","WikiPathways_20170210","WP1455","Homo sapiens","http://www.wikipathways.org/instance/WP1455_r89635"
"Glial Cell Differentiation","WikiPathways_20170210","WP2276","Homo sapiens","http://www.wikipathways.org/instance/WP2276_r87535"
"Osteopontin Signaling","WikiPathways_20170210","WP1434","Homo sapiens","http://www.wikipathways.org/instance/WP1434_r78545"
"ESC Pluripotency Pathways","WikiPathways_20170210","WP3931","Homo sapiens","http://www.wikipathways.org/instance/WP3931_r91005"
"ErbB Signaling Pathway","WikiPathways_20170210","WP673","Homo sapiens","http://www.wikipathways.org/instance/WP673_r86901"
"Mismatch repair","WikiPathways_20170210","WP531","Homo sapiens","http://www.wikipathways.org/instance/WP531_r69021"
"TLR4 Signaling and Tolerance","WikiPathways_20170210","WP3851","Homo sapiens","http://www.wikipathways.org/instance/WP3851_r90114"
"Alpha 6 Beta 4 signaling pathway","WikiPathways_20170210","WP244","Homo sapiens","http://www.wikipathways.org/instance/WP244_r85199"
"DDX1 as a regulatory component of the Drosha microprocessor","WikiPathways_20170210","WP2942","Homo sapiens","http://www.wikipathways.org/instance/WP2942_r87380"
"Alzheimers Disease","WikiPathways_20170210","WP2059","Homo sapiens","http://www.wikipathways.org/instance/WP2059_r87372"
"EV release from cardiac cells and their functional effects","WikiPathways_20170210","WP3297","Homo sapiens","http://www.wikipathways.org/instance/WP3297_r88048"
"Folate-Alcohol and Cancer Pathway","WikiPathways_20170210","WP1589","Homo sapiens","http://www.wikipathways.org/instance/WP1589_r87508"
"Ganglio Sphingolipid Metabolism","WikiPathways_20170210","WP1423","Homo sapiens","http://www.wikipathways.org/instance/WP1423_r91044"
"Simplified Interaction Map Between LOXL4 and Oxidative Stress Pathway","WikiPathways_20170210","WP3670","Homo sapiens","http://www.wikipathways.org/instance/WP3670_r90107"
"Wnt Signaling in Kidney Disease","WikiPathways_20170210","WP3939","Homo sapiens","http://www.wikipathways.org/instance/WP3939_r90804"
"Bone Morphogenic Protein (BMP) Signalling and Regulation","WikiPathways_20170210","WP1425","Homo sapiens","http://www.wikipathways.org/instance/WP1425_r86082"
"Exercise-induced Circadian Regulation","WikiPathways_20170210","WP410","Homo sapiens","http://www.wikipathways.org/instance/WP410_r90752"
"Parkinsons Disease Pathway","WikiPathways_20170210","WP2371","Homo sapiens","http://www.wikipathways.org/instance/WP2371_r87374"
"Biogenic Amine Synthesis","WikiPathways_20170210","WP550","Homo sapiens","http://www.wikipathways.org/instance/WP550_r90171"
"Alanine and aspartate metabolism","WikiPathways_20170210","WP106","Homo sapiens","http://www.wikipathways.org/instance/WP106_r91240"
"Caffeine and Theobromine metabolism","WikiPathways_20170210","WP3633","Homo sapiens","http://www.wikipathways.org/instance/WP3633_r85154"
"Peroxisomal beta-oxidation of tetracosanoyl-CoA","WikiPathways_20170210","WP1941","Homo sapiens","http://www.wikipathways.org/instance/WP1941_r73548"
"Copper homeostasis","WikiPathways_20170210","WP3286","Homo sapiens","http://www.wikipathways.org/instance/WP3286_r89205"
"TCA Cycle and Deficiency of Pyruvate Dehydrogenase complex (PDHc)","WikiPathways_20170210","WP2453","Homo sapiens","http://www.wikipathways.org/instance/WP2453_r87731"
"Oncostatin M Signaling Pathway","WikiPathways_20170210","WP2374","Homo sapiens","http://www.wikipathways.org/instance/WP2374_r73668"
"Simplified Depiction of MYD88 Distinct Input-Output Pathway","WikiPathways_20170210","WP3877","Homo sapiens","http://www.wikipathways.org/instance/WP3877_r89291"
"mRNA Processing","WikiPathways_20170210","WP411","Homo sapiens","http://www.wikipathways.org/instance/WP411_r79980"
"Nuclear Receptors in Lipid Metabolism and Toxicity","WikiPathways_20170210","WP299","Homo sapiens","http://www.wikipathways.org/instance/WP299_r89331"
"Vitamin B12 Metabolism","WikiPathways_20170210","WP1533","Homo sapiens","http://www.wikipathways.org/instance/WP1533_r85340"
"miR-148a/miR-31/FIH1/HIF1Î±-Notch signaling in glioblastoma ","WikiPathways_20170210","WP3593","Homo sapiens","http://www.wikipathways.org/instance/WP3593_r87762"
"Catalytic cycle of mammalian Flavin-containing MonoOxygenases (FMOs)","WikiPathways_20170210","WP688","Homo sapiens","http://www.wikipathways.org/instance/WP688_r84769"
"Glucuronidation","WikiPathways_20170210","WP698","Homo sapiens","http://www.wikipathways.org/instance/WP698_r79224"
"Hematopoietic Stem Cell Differentiation","WikiPathways_20170210","WP2849","Homo sapiens","http://www.wikipathways.org/instance/WP2849_r89818"
"Photodynamic therapy-induced HIF-1 survival signaling","WikiPathways_20170210","WP3614","Homo sapiens","http://www.wikipathways.org/instance/WP3614_r89311"
"Sulfation Biotransformation Reaction","WikiPathways_20170210","WP692","Homo sapiens","http://www.wikipathways.org/instance/WP692_r69031"
"miRNAs involved in DNA damage response","WikiPathways_20170210","WP1545","Homo sapiens","http://www.wikipathways.org/instance/WP1545_r84697"
"eIF5A regulation in response to inhibition of the nuclear export system","WikiPathways_20170210","WP3302","Homo sapiens","http://www.wikipathways.org/instance/WP3302_r87966"
"Nicotine Activity on Dopaminergic Neurons","WikiPathways_20170210","WP1602","Homo sapiens","http://www.wikipathways.org/instance/WP1602_r78486"
"Codeine and Morphine Metabolism","WikiPathways_20170210","WP1604","Homo sapiens","http://www.wikipathways.org/instance/WP1604_r89511"
"Glycogen Metabolism","WikiPathways_20170210","WP500","Homo sapiens","http://www.wikipathways.org/instance/WP500_r89807"
"Regulation of Apoptosis by Parathyroid Hormone-related Protein","WikiPathways_20170210","WP3872","Homo sapiens","http://www.wikipathways.org/instance/WP3872_r89397"
"Integrated Cancer Pathway","WikiPathways_20170210","WP1971","Homo sapiens","http://www.wikipathways.org/instance/WP1971_r82939"
"Fas Ligand (FasL) pathway and Stress induction of Heat Shock Proteins (HSP) regulation","WikiPathways_20170210","WP314","Homo sapiens","http://www.wikipathways.org/instance/WP314_r87381"
"T-Cell antigen Receptor (TCR) pathway during Staphylococcus aureus infection","WikiPathways_20170210","WP3863","Homo sapiens","http://www.wikipathways.org/instance/WP3863_r90702"
"Ectoderm Differentiation","WikiPathways_20170210","WP2858","Homo sapiens","http://www.wikipathways.org/instance/WP2858_r89329"
"Overview of nanoparticle effects","WikiPathways_20170210","WP3287","Homo sapiens","http://www.wikipathways.org/instance/WP3287_r89371"
"Cardiac Progenitor Differentiation","WikiPathways_20170210","WP2406","Homo sapiens","http://www.wikipathways.org/instance/WP2406_r89157"
"Hepatitis C and Hepatocellular Carcinoma","WikiPathways_20170210","WP3646","Homo sapiens","http://www.wikipathways.org/instance/WP3646_r88640"
"Felbamate Metabolism","WikiPathways_20170210","WP2816","Homo sapiens","http://www.wikipathways.org/instance/WP2816_r88575"
"Polyol Pathway","WikiPathways_20170210","WP690","Homo sapiens","http://www.wikipathways.org/instance/WP690_r88335"
"Differentiation of white and brown adipocyte   ","WikiPathways_20170210","WP2895","Homo sapiens","http://www.wikipathways.org/instance/WP2895_r87889"
"Metapathway biotransformation","WikiPathways_20170210","WP702","Homo sapiens","http://www.wikipathways.org/instance/WP702_r73516"
"Serotonin Receptor 2 and ELK-SRF/GATA4 signaling","WikiPathways_20170210","WP732","Homo sapiens","http://www.wikipathways.org/instance/WP732_r80010"
"Estrogen Receptor Pathway","WikiPathways_20170210","WP2881","Homo sapiens","http://www.wikipathways.org/instance/WP2881_r88032"
"Urea cycle and metabolism of amino groups","WikiPathways_20170210","WP497","Homo sapiens","http://www.wikipathways.org/instance/WP497_r72142"
"Pathogenic Escherichia coli infection","WikiPathways_20170210","WP2272","Homo sapiens","http://www.wikipathways.org/instance/WP2272_r78594"
"GPR40 Pathway","WikiPathways_20170210","WP3958","Homo sapiens","http://www.wikipathways.org/instance/WP3958_r91307"
"Vitamin A and Carotenoid Metabolism","WikiPathways_20170210","WP716","Homo sapiens","http://www.wikipathways.org/instance/WP716_r83589"
"Monoamine Transport","WikiPathways_20170210","WP727","Homo sapiens","http://www.wikipathways.org/instance/WP727_r90193"
"Initiation of transcription and translation elongation at the HIV-1 LTR","WikiPathways_20170210","WP3414","Homo sapiens","http://www.wikipathways.org/instance/WP3414_r87386"
"PDGF Pathway","WikiPathways_20170210","WP2526","Homo sapiens","http://www.wikipathways.org/instance/WP2526_r82681"
"TarBasePathway","WikiPathways_20170210","WP1992","Homo sapiens","http://www.wikipathways.org/instance/WP1992_r78296"
"Gastric acid production","WikiPathways_20170210","WP2596","Homo sapiens","http://www.wikipathways.org/instance/WP2596_r87520"
"mir34a and TGIF2 in osteoclastogenesis","WikiPathways_20170210","WP2866","Homo sapiens","http://www.wikipathways.org/instance/WP2866_r87842"
"MAPK  and NFkB Signalling Pathways Inhibited by Yersinia YopJ","WikiPathways_20170210","WP3849","Homo sapiens","http://www.wikipathways.org/instance/WP3849_r89943"
"DNA IR-Doble Strand Breaks (DSBs) and cellular response via ATM","WikiPathways_20170210","WP3959","Homo sapiens","http://www.wikipathways.org/instance/WP3959_r91329"
"Peptide GPCRs","WikiPathways_20170210","WP24","Homo sapiens","http://www.wikipathways.org/instance/WP24_r90195"
"SRF and miRs in Smooth Muscle Differentiation and Proliferation","WikiPathways_20170210","WP1991","Homo sapiens","http://www.wikipathways.org/instance/WP1991_r89637"
"Synaptic Vesicle Pathway","WikiPathways_20170210","WP2267","Homo sapiens","http://www.wikipathways.org/instance/WP2267_r85090"
"Integrin-mediated Cell Adhesion","WikiPathways_20170210","WP185","Homo sapiens","http://www.wikipathways.org/instance/WP185_r88160"
"Oxytocin signaling","WikiPathways_20170210","WP2889","Homo sapiens","http://www.wikipathways.org/instance/WP2889_r88286"
"Microglia Pathogen Phagocytosis Pathway","WikiPathways_20170210","WP3937","Homo sapiens","http://www.wikipathways.org/instance/WP3937_r90777"
"Pilocytic astrocytoma","WikiPathways_20170210","WP2253","Homo sapiens","http://www.wikipathways.org/instance/WP2253_r74520"
"Mitochondrial Gene Expression","WikiPathways_20170210","WP391","Homo sapiens","http://www.wikipathways.org/instance/WP391_r71373"
"Composition of Lipid Particles","WikiPathways_20170210","WP3601","Homo sapiens","http://www.wikipathways.org/instance/WP3601_r89202"
"GPCRs, Class A Rhodopsin-like","WikiPathways_20170210","WP455","Homo sapiens","http://www.wikipathways.org/instance/WP455_r81793"
"Notch Signaling Pathway","WikiPathways_20170210","WP268","Homo sapiens","http://www.wikipathways.org/instance/WP268_r70096"
"Aryl Hydrocarbon Receptor Pathway","WikiPathways_20170210","WP2873","Homo sapiens","http://www.wikipathways.org/instance/WP2873_r88902"
"Fatty Acid Biosynthesis","WikiPathways_20170210","WP357","Homo sapiens","http://www.wikipathways.org/instance/WP357_r85181"
"Deregulation of Rab and Rab Effector Genes in Bladder Cancer","WikiPathways_20170210","WP2291","Homo sapiens","http://www.wikipathways.org/instance/WP2291_r85341"
"Photodynamic therapy-induced NFE2L2 (NRF2) survival signaling","WikiPathways_20170210","WP3612","Homo sapiens","http://www.wikipathways.org/instance/WP3612_r88317"
"IL-4 Signaling Pathway","WikiPathways_20170210","WP395","Homo sapiens","http://www.wikipathways.org/instance/WP395_r89828"
"Leptin and adiponectin","WikiPathways_20170210","WP3934","Homo sapiens","http://www.wikipathways.org/instance/WP3934_r90768"
"Gastric Cancer Network 2","WikiPathways_20170210","WP2363","Homo sapiens","http://www.wikipathways.org/instance/WP2363_r87523"
"Leptin Insulin Overlap","WikiPathways_20170210","WP3935","Homo sapiens","http://www.wikipathways.org/instance/WP3935_r90771"
"Structural Pathway of Interleukin 1 (IL-1)","WikiPathways_20170210","WP2637","Homo sapiens","http://www.wikipathways.org/instance/WP2637_r87707"
"Monoamine GPCRs","WikiPathways_20170210","WP58","Homo sapiens","http://www.wikipathways.org/instance/WP58_r80015"
"Aflatoxin B1 metabolism","WikiPathways_20170210","WP699","Homo sapiens","http://www.wikipathways.org/instance/WP699_r70509"
"T-Cell antigen Receptor (TCR)  Signaling Pathway","WikiPathways_20170210","WP69","Homo sapiens","http://www.wikipathways.org/instance/WP69_r89937"
"Complement Activation","WikiPathways_20170210","WP545","Homo sapiens","http://www.wikipathways.org/instance/WP545_r89636"
"Cardiac Hypertrophic Response","WikiPathways_20170210","WP2795","Homo sapiens","http://www.wikipathways.org/instance/WP2795_r85087"
"TGF-B Signaling in Thyroid Cells for Epithelial-Mesenchymal Transition","WikiPathways_20170210","WP3859","Homo sapiens","http://www.wikipathways.org/instance/WP3859_r90120"
"Selenium Micronutrient Network","WikiPathways_20170210","WP15","Homo sapiens","http://www.wikipathways.org/instance/WP15_r88908"
"Farnesoid X Receptor  Pathway","WikiPathways_20170210","WP2879","Homo sapiens","http://www.wikipathways.org/instance/WP2879_r88056"
"Bladder Cancer","WikiPathways_20170210","WP2828","Homo sapiens","http://www.wikipathways.org/instance/WP2828_r89143"
"ID signaling pathway","WikiPathways_20170210","WP53","Homo sapiens","http://www.wikipathways.org/instance/WP53_r67360"
"Wnt Signaling Pathway and Pluripotency","WikiPathways_20170210","WP399","Homo sapiens","http://www.wikipathways.org/instance/WP399_r90291"
"Hypertrophy Model","WikiPathways_20170210","WP516","Homo sapiens","http://www.wikipathways.org/instance/WP516_r88898"
"Toll-like Receptor Signaling Pathway","WikiPathways_20170210","WP75","Homo sapiens","http://www.wikipathways.org/instance/WP75_r83867"
"Interferon type I signaling pathways","WikiPathways_20170210","WP585","Homo sapiens","http://www.wikipathways.org/instance/WP585_r85198"
"TYROBP Causal Network","WikiPathways_20170210","WP3945","Homo sapiens","http://www.wikipathways.org/instance/WP3945_r90843"
"Nucleotide GPCRs","WikiPathways_20170210","WP80","Homo sapiens","http://www.wikipathways.org/instance/WP80_r68938"
"Liver X Receptor Pathway","WikiPathways_20170210","WP2874","Homo sapiens","http://www.wikipathways.org/instance/WP2874_r88692"
"Drug Induction of Bile Acid Pathway","WikiPathways_20170210","WP2289","Homo sapiens","http://www.wikipathways.org/instance/WP2289_r88593"
"Diclofenac Metabolic Pathway","WikiPathways_20170210","WP2491","Homo sapiens","http://www.wikipathways.org/instance/WP2491_r73891"
"Integrated Pancreatic Cancer Pathway","WikiPathways_20170210","WP2377","Homo sapiens","http://www.wikipathways.org/instance/WP2377_r84983"
"Pathways Affected in Adenoid Cystic Carcinoma","WikiPathways_20170210","WP3651","Homo sapiens","http://www.wikipathways.org/instance/WP3651_r89271"
"Photodynamic therapy-induced AP-1 survival signaling.","WikiPathways_20170210","WP3611","Homo sapiens","http://www.wikipathways.org/instance/WP3611_r90923"
"Proprotein convertase subtilisin/kexin type 9 (PCSK9) mediated LDL receptor degradation","WikiPathways_20170210","WP2846","Homo sapiens","http://www.wikipathways.org/instance/WP2846_r89409"
"GPCRs, Class C Metabotropic glutamate, pheromone","WikiPathways_20170210","WP501","Homo sapiens","http://www.wikipathways.org/instance/WP501_r79715"
"Apoptosis Modulation and Signaling","WikiPathways_20170210","WP1772","Homo sapiens","http://www.wikipathways.org/instance/WP1772_r91293"
"Electron Transport Chain","WikiPathways_20170210","WP111","Homo sapiens","http://www.wikipathways.org/instance/WP111_r89727"
"TGF-beta Receptor Signaling","WikiPathways_20170210","WP560","Homo sapiens","http://www.wikipathways.org/instance/WP560_r90187"
"DNA Damage Response (only ATM dependent)","WikiPathways_20170210","WP710","Homo sapiens","http://www.wikipathways.org/instance/WP710_r79974"
"Estrogen signaling pathway","WikiPathways_20170210","WP712","Homo sapiens","http://www.wikipathways.org/instance/WP712_r78491"
"Target Of Rapamycin (TOR) Signaling","WikiPathways_20170210","WP1471","Homo sapiens","http://www.wikipathways.org/instance/WP1471_r90258"
"Cori Cycle","WikiPathways_20170210","WP1946","Homo sapiens","http://www.wikipathways.org/instance/WP1946_r79691"
"Arrhythmogenic Right Ventricular Cardiomyopathy","WikiPathways_20170210","WP2118","Homo sapiens","http://www.wikipathways.org/instance/WP2118_r71265"
